{
    "TTto4Q": 431.5,
    "WWto4Q": 50.79,
    "WZto4Q-1Jets-4FS": 24.88,

    "QCD-4Jets_HT-40to70": 311400000.0,
    "QCD-4Jets_HT-70to100": 58500000.0,
    "QCD-4Jets_HT-100to200": 25400000.0,
    "QCD-4Jets_HT-200to400": 1961000.0,
    "QCD-4Jets_HT-400to600": 95620.0,
    "QCD-4Jets_HT-600to800": 13540.0,
    "QCD-4Jets_HT-800to1000": 3033.0,
    "QCD-4Jets_HT-1000to1200": 883.7,
    "QCD-4Jets_HT-1200to1500": 383.5,
    "QCD-4Jets_HT-1500to2000": 125.2,
    "QCD-4Jets_HT-2000": 26.49,

    "QCD_Bin-PT-300to470_TuneCP5_13p6TeV_pythia8": 7581.0,
    "QCD_Bin-PT-470to600_TuneCP5_13p6TeV_pythia8": 623.3,
    "QCD_Bin-PT-600to800_TuneCP5_13p6TeV_pythia8": 178.7,
    "QCD_Bin-PT-800to1000_TuneCP5_13p6TeV_pythia8": 30.62,
    "QCD_Bin-PT-1000to1500_TuneCP5_13p6TeV_pythia8": 9.306,
    "QCD_Bin-PT-1500to2000_TuneCP5_13p6TeV_pythia8": 0.5015,
    "QCD_Bin-PT-2000to2500_TuneCP5_13p6TeV_pythia8": 0.04264,
    "QCD_Bin-PT-2500to3000_TuneCP5_13p6TeV_pythia8": 0.004454,

    "DYto2L-2Jets_Bin-1J-MLL-50-PTLL-40to100": 475.3,
    "DYto2L-2Jets_Bin-1J-MLL-50-PTLL-100to200": 45.42,
    "DYto2L-2Jets_Bin-1J-MLL-50-PTLL-200to400": 3.382,
    "DYto2L-2Jets_Bin-1J-MLL-50-PTLL-400to600": 0.1162,
    "DYto2L-2Jets_Bin-1J-MLL-50-PTLL-600": 0.01392,

    "DYto2L-2Jets_Bin-2J-MLL-50-PTLL-40to100": 179.3,
    "DYto2L-2Jets_Bin-2J-MLL-50-PTLL-100to200": 51.68,
    "DYto2L-2Jets_Bin-2J-MLL-50-PTLL-200to400": 7.159,
    "DYto2L-2Jets_Bin-2J-MLL-50-PTLL-400to600": 0.4157,
    "DYto2L-2Jets_Bin-2J-MLL-50-PTLL-600": 0.07019,

    "TTto2L2Nu": 97.45,
    "TTtoLNu2Q": 403.25,

    "WtoLNu-2Jets_Bin-1J-PTLNu-40to100": 4427,
    "WtoLNu-2Jets_Bin-1J-PTLNu-100to200": 368.2,
    "WtoLNu-2Jets_Bin-1J-PTLNu-200to400": 25.6,
    "WtoLNu-2Jets_Bin-1J-PTLNu-400to600": 0.8785,
    "WtoLNu-2Jets_Bin-1J-PTLNu-600": 0.1053,

    "WtoLNu-2Jets_Bin-2J-PTLNu-40to100": 1598,
    "WtoLNu-2Jets_Bin-2J-PTLNu-100to200": 421.9,
    "WtoLNu-2Jets_Bin-2J-PTLNu-200to400": 54.77,
    "WtoLNu-2Jets_Bin-2J-PTLNu-400to600": 3.119,
    "WtoLNu-2Jets_Bin-2J-PTLNu-600": 0.5261,

    "WtoLNu-4Jets_Bin-1J": 9084,
    "WtoLNu-4Jets_Bin-2J": 2925,
    "WtoLNu-4Jets_Bin-3J": 861.7,
    "WtoLNu-4Jets_Bin-4J": 416.5,

    "WWto2L2Nu": 11.79,
    "WWtoLNu2Q": 48.94,
    "WZto2L2Q": 7.568, 
    "WZto3LNu": 4.924,
    "WZtoLNu2Q": 15.87,

    "ZZto2L2Nu": 1.031,
    "ZZto2L2Q": 6.788,
    "ZZto2Nu2Q": 4.826


}
