{
    "UL17_WWZJetsTo4L2Nu": {
        "all_events": [
            13.779460762439452,
            null
        ],
        "exactly1lep_exactly1fj": [
            0.10742026436829967,
            null
        ],
        "exactly1lep_exactly2fj": [
            0.004148409402888292,
            null
        ],
        "exactly2lepOS_exactly1fj": [
            0.14987617849799395,
            null
        ]
    }
}