{
    "VBSWZH_c2v1p0_c3_1p0": {
        "all_events": [
            0.18397355755755768,
            null
        ],
        "3l": [
            0.17303928008008018,
            null
        ]
    }
}