{
    "VBSWZH_c2v1p0_c3_1p0": {
        "all_events": [
            0.19438715515515526,
            null
        ],
        "3l": [
            0.18275863783783794,
            null
        ]
    }
}