{
    "yields": {
        "all_events": {
            "signal": [
                267.8107192605996,
                0.4423286437438568
            ],
            "background": [
                28367560.056133684,
                919132.3607744395
            ],
            "metric": [
                0.05028251182366763,
                null
            ]
        },
        "filters": {
            "signal": [
                266.96498166332833,
                0.441602915444196
            ],
            "background": [
                28333045.050052132,
                919131.0270181992
            ],
            "metric": [
                0.0501542420689371,
                null
            ]
        },
        "exactly1lep": {
            "signal": [
                56.85059093478969,
                0.20805270121406239
            ],
            "background": [
                1882431.970006847,
                281166.6337077664
            ],
            "metric": [
                0.04143576280501231,
                null
            ]
        },
        "exactly1lep_exactly1fj": {
            "signal": [
                13.384057523361463,
                0.1034528567033512
            ],
            "background": [
                987223.2019113066,
                281141.43662994204
            ],
            "metric": [
                0.013470388384134337,
                null
            ]
        },
        "exactly1lep_exactly1fj_STmet1000": {
            "signal": [
                1.0468781263154832,
                0.02962020937242556
            ],
            "background": [
                370.73686942877754,
                11.985795892019196
            ],
            "metric": [
                0.054370488685586915,
                null
            ]
        },
        "exactly1lep_exactly1fj_STmet1000_msd170": {
            "signal": [
                0.8863045924653485,
                0.02702707136793411
            ],
            "background": [
                220.88145785121606,
                9.564982069091744
            ],
            "metric": [
                0.05963529468215354,
                null
            ]
        },
        "exactly1lep_exactly1fj_STmet1000_msd170_NjCentralLessThan3": {
            "signal": [
                0.8085639665499955,
                0.02602628357487416
            ],
            "background": [
                123.00736619425346,
                7.363265341680849
            ],
            "metric": [
                0.0729035746492977,
                null
            ]
        }
    },
    "counts": {
        "all_events": {
            "signal": [
                1589400.0,
                1260.7140833670417
            ],
            "background": [
                74763920.0,
                8646.613209806485
            ],
            "metric": [
                183.81763604244438,
                null
            ]
        },
        "filters": {
            "signal": [
                1579599.0,
                1256.8209896401318
            ],
            "background": [
                74628141.0,
                8638.7580704636
            ],
            "metric": [
                182.85024156432135,
                null
            ]
        },
        "exactly1lep": {
            "signal": [
                322732.0,
                568.0950624675417
            ],
            "background": [
                35841251.0,
                5986.756300368339
            ],
            "metric": [
                53.907656134281545,
                null
            ]
        },
        "exactly1lep_exactly1fj": {
            "signal": [
                129040.0,
                359.2213802100315
            ],
            "background": [
                16603710.0,
                4074.7650239001514
            ],
            "metric": [
                31.668083740566143,
                null
            ]
        },
        "exactly1lep_exactly1fj_STmet1000": {
            "signal": [
                16713.0,
                129.27876855849146
            ],
            "background": [
                15926.0,
                126.19825672330026
            ],
            "metric": [
                132.43447598998603,
                null
            ]
        },
        "exactly1lep_exactly1fj_STmet1000_msd170": {
            "signal": [
                14222.0,
                119.2560271013587
            ],
            "background": [
                10461.0,
                102.27903010881556
            ],
            "metric": [
                139.0509861588352,
                null
            ]
        },
        "exactly1lep_exactly1fj_STmet1000_msd170_NjCentralLessThan3": {
            "signal": [
                12252.0,
                110.68875281617369
            ],
            "background": [
                6298.0,
                79.35993951610598
            ],
            "metric": [
                154.38519830919824,
                null
            ]
        }
    }
}