{
    "VBSWZH_c2v1p0_c3_1p0": {
        "all_events": [
            0.08602109449449444,
            null
        ],
        "2lOSSF_1fjx": [
            0.0011253781781781782,
            null
        ],
        "3l": [
            0.05507319459459456,
            null
        ]
    }
}