{
    "UL17_WWZJetsTo4L2Nu": {
        "all_events": [
            14.249355516920332,
            null
        ],
        "exactly1lep_exactly1fj": [
            0.11160974390804768,
            null
        ],
        "exactly1lep_exactly2fj": [
            0.0043248775764368474,
            null
        ],
        "exactly2lepOS_exactly1fj": [
            0.15485851967241615,
            null
        ]
    }
}