{
    "UL16APV_VBSWWH_SS_VBSCuts_13TeV": {
        "all_events": [
            6.168319552671164,
            null
        ],
        "2lOSSF_1fjx": [
            0.0032107369042932987,
            null
        ],
        "3l": [
            0.015251000295393169,
            null
        ]
    }
}