{
    "yields": {
        "all_events": {
            "signal": [
                267.8107192605995,
                0.4423286437438567
            ],
            "background": [
                28367560.0561337,
                919132.3607744393
            ],
            "metric": [
                0.0502825118236676,
                null
            ]
        },
        "filters": {
            "signal": [
                266.9649816633282,
                0.4416029154441959
            ],
            "background": [
                28333045.050052132,
                919131.0270181993
            ],
            "metric": [
                0.05015424206893708,
                null
            ]
        },
        "exactly1lep": {
            "signal": [
                56.85059093478966,
                0.20805270121406236
            ],
            "background": [
                1882431.9700068473,
                281166.63370776665
            ],
            "metric": [
                0.04143576280501228,
                null
            ]
        },
        "exactly1lep_exactly1fj": {
            "signal": [
                13.34049162603407,
                0.10319449474454058
            ],
            "background": [
                1007130.75029375,
                281141.69966637366
            ],
            "metric": [
                0.013293180641039187,
                null
            ]
        },
        "exactly1lep_exactly1fj_STmet1000": {
            "signal": [
                1.0469804801080627,
                0.029689037265437306
            ],
            "background": [
                370.89794944923574,
                12.00520357606569
            ],
            "metric": [
                0.05436399559723852,
                null
            ]
        },
        "exactly1lep_exactly1fj_STmet1000_msd170": {
            "signal": [
                0.8834002932868643,
                0.027070742996640303
            ],
            "background": [
                219.92702486409198,
                9.57215570006925
            ],
            "metric": [
                0.059568716068158806,
                null
            ]
        },
        "exactly1lep_exactly1fj_STmet1000_msd170_NjCentralLessThan3": {
            "signal": [
                0.7580322057547573,
                0.025042762742594978
            ],
            "background": [
                100.24357901660358,
                6.79103500412211
            ],
            "metric": [
                0.07571106851903457,
                null
            ]
        }
    },
    "counts": {
        "all_events": {
            "signal": [
                1589400.0,
                1260.7140833670417
            ],
            "background": [
                74763920.0,
                8646.613209806485
            ],
            "metric": [
                183.81763604244438,
                null
            ]
        },
        "filters": {
            "signal": [
                1579599.0,
                1256.8209896401318
            ],
            "background": [
                74628141.0,
                8638.7580704636
            ],
            "metric": [
                182.85024156432135,
                null
            ]
        },
        "exactly1lep": {
            "signal": [
                322732.0,
                568.0950624675417
            ],
            "background": [
                35841251.0,
                5986.756300368339
            ],
            "metric": [
                53.907656134281545,
                null
            ]
        },
        "exactly1lep_exactly1fj": {
            "signal": [
                127485.0,
                357.0504166080751
            ],
            "background": [
                16976381.0,
                4120.24040560742
            ],
            "metric": [
                30.941155721520506,
                null
            ]
        },
        "exactly1lep_exactly1fj_STmet1000": {
            "signal": [
                16706.0,
                129.25169244539896
            ],
            "background": [
                16125.0,
                126.98425099200294
            ],
            "metric": [
                131.55962152386985,
                null
            ]
        },
        "exactly1lep_exactly1fj_STmet1000_msd170": {
            "signal": [
                14115.0,
                118.80656547514535
            ],
            "background": [
                10457.0,
                102.25947388873072
            ],
            "metric": [
                138.0312206119761,
                null
            ]
        },
        "exactly1lep_exactly1fj_STmet1000_msd170_NjCentralLessThan3": {
            "signal": [
                11531.0,
                107.38249391777042
            ],
            "background": [
                5454.0,
                73.85120175054702
            ],
            "metric": [
                156.13828518253717,
                null
            ]
        }
    }
}