{
    "UL17_WWZJetsTo4L2Nu": {
        "all_events": [
            13.779460762439454,
            null
        ],
        "exactly1lep_exactly1fj": [
            0.07903510315820231,
            null
        ],
        "exactly1lep_exactly1fj_STmet1000": [
            0.0017113383843376242,
            null
        ],
        "exactly1lep_exactly1fj_STmet1000_msd170": [
            0.0008275060144504522,
            null
        ]
    }
}