{
    "VBSWZH_c2v1p0_c3_1p0": {
        "all_events": [
            0.1839735575575577,
            null
        ],
        "3l": [
            0.16765892132132143,
            null
        ]
    }
}