{
    "yields": {
        "all_events": {
            "Signal": [
                267.8107192605996,
                0.4423286437438568
            ],
            "QCD": [
                25336341.176261403,
                919132.1543994857
            ],
            "ttbar": [
                2401447.617837925,
                344.73851048462024
            ],
            "single-t": [
                159094.89953256998,
                134.83263861143186
            ],
            "ttX": [
                11321.986649569324,
                24.032068346905394
            ],
            "Vjets": [
                252049.56130040516,
                340.2341908813027
            ],
            "VV": [
                200350.65135950522,
                352.6485738132753
            ],
            "VH": [
                284.24093790861156,
                0.4808519330708902
            ],
            "VVV": [
                6669.92225441144,
                40.61009788025391
            ],
            "Background": [
                28367560.056133684,
                919132.3607744395
            ],
            "metric": [
                0.05028251182366763,
                null
            ]
        },
        "filters": {
            "Signal": [
                266.96498166332833,
                0.441602915444196
            ],
            "QCD": [
                25306638.769315034,
                919130.8210303677
            ],
            "ttbar": [
                2397959.7718911287,
                344.48654169795634
            ],
            "single-t": [
                158793.7785973892,
                134.70327675204584
            ],
            "ttX": [
                11299.421885939413,
                24.004751322582603
            ],
            "Vjets": [
                251562.3471758053,
                339.9181612996813
            ],
            "VV": [
                199852.82521541216,
                352.24546390195326
            ],
            "VH": [
                283.71965681898325,
                0.48041661775322675
            ],
            "VVV": [
                6654.416314602002,
                40.57017779448116
            ],
            "Background": [
                28333045.050052132,
                919131.0270181992
            ],
            "metric": [
                0.0501542420689371,
                null
            ]
        },
        "exactly1lep": {
            "Signal": [
                56.85059093478969,
                0.20805270121406239
            ],
            "QCD": [
                473483.4761379569,
                281166.373986308
            ],
            "ttbar": [
                1193439.2306675238,
                238.49167632413426
            ],
            "single-t": [
                82324.34557155705,
                98.55042200455051
            ],
            "ttX": [
                5043.7101694842295,
                16.180856038924606
            ],
            "Vjets": [
                9225.25084481817,
                58.87856375114485
            ],
            "VV": [
                115487.15260952707,
                273.8855009465323
            ],
            "VH": [
                174.5005388419622,
                0.3748394927218055
            ],
            "VVV": [
                3254.303467137958,
                26.78749961169727
            ],
            "Background": [
                1882431.970006847,
                281166.6337077664
            ],
            "metric": [
                0.04143576280501231,
                null
            ]
        },
        "exactly1lep_exactly1fj": {
            "Signal": [
                13.384057523361463,
                0.1034528567033512
            ],
            "QCD": [
                345028.4508604156,
                281141.3085226798
            ],
            "ttbar": [
                538672.393680812,
                160.80316467223994
            ],
            "single-t": [
                35927.84135068673,
                67.35606770304321
            ],
            "ttX": [
                2541.6087671813134,
                11.636928066223021
            ],
            "Vjets": [
                3466.532801854942,
                32.77205378786035
            ],
            "VV": [
                59746.94404500106,
                200.1619354217597
            ],
            "VH": [
                114.69543189469279,
                0.3056215429344844
            ],
            "VVV": [
                1724.734973460662,
                19.070555185920547
            ],
            "Background": [
                987223.2019113066,
                281141.43662994204
            ],
            "metric": [
                0.013470388384134337,
                null
            ]
        }
    },
    "counts": {
        "all_events": {
            "Signal": [
                1589400.0,
                1260.7140833670417
            ],
            "QCD": [
                1525542.0,
                1235.1283334131722
            ],
            "ttbar": [
                52870035.0,
                7271.17837767717
            ],
            "single-t": [
                2285614.0,
                1511.8247252906006
            ],
            "ttX": [
                5742022.0,
                2396.251656233126
            ],
            "Vjets": [
                1769437.0,
                1330.2018643799895
            ],
            "VV": [
                5456143.0,
                2335.8388214943257
            ],
            "VH": [
                422110.0,
                649.6999307372597
            ],
            "VVV": [
                4693017.0,
                2166.3372313654218
            ],
            "Background": [
                74763920.0,
                8646.613209806485
            ],
            "metric": [
                183.81763604244438,
                null
            ]
        },
        "filters": {
            "Signal": [
                1579599.0,
                1256.8209896401318
            ],
            "QCD": [
                1520063.0,
                1232.908350202885
            ],
            "ttbar": [
                52791530.0,
                7265.778003765323
            ],
            "single-t": [
                2281184.0,
                1510.3588977458305
            ],
            "ttX": [
                5730442.0,
                2393.8341630112977
            ],
            "Vjets": [
                1765074.0,
                1328.5608755341248
            ],
            "VV": [
                5439298.0,
                2332.2302630743816
            ],
            "VH": [
                421335.0,
                649.1032275378085
            ],
            "VVV": [
                4679215.0,
                2163.1493244803974
            ],
            "Background": [
                74628141.0,
                8638.7580704636
            ],
            "metric": [
                182.85024156432135,
                null
            ]
        },
        "exactly1lep": {
            "Signal": [
                322732.0,
                568.0950624675417
            ],
            "QCD": [
                15108.0,
                122.91460450247563
            ],
            "ttbar": [
                26992581.0,
                5195.438480051515
            ],
            "single-t": [
                1121476.0,
                1058.9976392797105
            ],
            "ttX": [
                2500345.0,
                1581.2479248998243
            ],
            "Vjets": [
                41479.0,
                203.6639388797143
            ],
            "VV": [
                2566491.0,
                1602.0271533279329
            ],
            "VH": [
                264785.0,
                514.5726382154419
            ],