{
    "yields": {
        "all_events": {
            "Signal": [
                204.3953968815913,
                0.2043795357086921
            ],
            "QCD": [
                26055693.59580995,
                928015.9841939211
            ],
            "ttbar": [
                2451379.866081707,
                346.9184195385651
            ],
            "single-t": [
                162922.51993117854,
                135.75015654978785
            ],
            "ttX": [
                11582.355762392312,
                24.32760001311727
            ],
            "Vjets": [
                259818.2406198047,
                343.59515141398686
            ],
            "VV": [
                204401.62994593108,
                354.4960183782628
            ],
            "VH": [
                288.94414843962295,
                0.4822532215746039
            ],
            "VVV": [
                6793.479580295942,
                40.718069129139195
            ],
            "Background": [
                29152880.631879706,
                928016.1914939781
            ],
            "metric": [
                0.037855620899756456,
                null
            ]
        },
        "exactly2lepOSSF_exactly1fj": {
            "Signal": [
                0.38281232578810886,
                0.008212814733778065
            ],
            "QCD": [
                2198.7839356660843,
                608.3296478085508
            ],
            "ttbar": [
                153.75034366175532,
                2.7241272142417636
            ],
            "single-t": [
                447.5854098312557,
                8.093380505120649
            ],
            "ttX": [
                95.33222478008247,
                2.0426129649425016
            ],
            "Vjets": [
                2600.8592725992203,
                30.672435273440282
            ],
            "VV": [
                2895.9526218490787,
                8.733480695398857
            ],
            "VH": [
                0.013500638422556221,
                0.0033506185510814384
            ],
            "VVV": [
                225.61358808608566,
                7.142001450369398
            ],
            "Background": [
                8617.890897111984,
                609.2701670968997
            ],
            "metric": [
                0.004123684372784854,
                null
            ]
        },
        "exactly2lepOSSF_exactly1fj_HFJ": {
            "Signal": [
                0.15037554507580353,
                0.005121469798119407
            ],
            "QCD": [
                593.3945421129465,
                347.18988594988093
            ],
            "ttbar": [
                36.796209666877985,
                1.3361995189743887
            ],
            "single-t": [
                86.54755161702633,
                3.562363721507245
            ],
            "ttX": [
                22.90878696081927,
                0.8320512956115328
            ],
            "Vjets": [
                301.43163830041885,
                10.379891455853578
            ],
            "VV": [
                326.73601098025637,
                2.8792544638330093
            ],
            "VH": [
                0.00204071233747527,
                0.0011831066131304181
            ],
            "VVV": [
                41.907355541494326,
                3.5920206518570486
            ],
            "Background": [
                1409.724135892177,
                347.3973516685966
            ],
            "metric": [
                0.004005070330744891,
                null
            ]
        },
        "exactly2lepOSSF_exactly1fj_HFJtag": {
            "Signal": [
                0.07157297491721692,
                0.0035371903151208027
            ],
            "QCD": [
                0.0,
                0.0
            ],
            "ttbar": [
                4.534807164222002,
                0.4568378654023271
            ],
            "single-t": [
                7.4923247173428535,
                1.0456906954433236
            ],
            "ttX": [
                3.2448663584073074,
                0.1737862631786802
            ],
            "Vjets": [
                7.216512322425842,
                1.6393917075106048
            ],
            "VV": [
                12.04529475152097,
                0.4766768247903815
            ],
            "VH": [
                0.0014043920673429966,
                0.0009974155462252028
            ],
            "VVV": [
                0.650648790950072,
                0.4868716045293589
            ],
            "Background": [
                35.18585849693639,
                2.117602996586765
            ],
            "metric": [
                0.012066046455268374,
                null
            ]
        },
        "exactly2lepOSSF_exactly1fj_HFJtag_njt2": {
            "Signal": [
                0.06555996714996581,
                0.0033272246585414923
            ],
            "QCD": [
                0.0,
                0.0
            ],
            "ttbar": [
                2.911819752305746,
                0.36794073486579015
            ],
            "single-t": [
                5.364732548594475,
                0.8839009587107998
            ],
            "ttX": [
                3.1173667800612748,
                0.16607481520428805
            ],
            "Vjets": [
                2.666146069765091,
                0.9464586982491715
            ],
            "VV": [
                5.842159601632822,
                0.3513329152938097
            ],
            "VH": [
                0.0,
                0.0
            ],
            "VVV": [
                0.08436120159967686,
                0.384872695693966
            ],
            "Background": [
                19.986585953959086,
                1.453130417471085
            ],
            "metric": [
                0.014664572921274552,
                null
            ]
        },
        "exactly2lepOSSF_exactly1fj_HFJtag_njt2_mjj600": {
            "Signal": [
                0.053873554770689225,
                0.003029572486198218
            ],
            "QCD": [
                0.0,
                0.0
            ],
            "ttbar": [
                0.5125557594001293,
                0.15509640142607822
            ],
            "single-t": [
                2.122243583202362,
                0.5488505423069148
            ],
            "ttX": [
                0.8036443415330723,
                0.07655877537640053
            ],
            "Vjets": [
                0.37214261293411255,
                0.37214261293411255
            ],
            "VV": [
                0.9892941609154349,
                0.14130760902431969
            ],
            "VH": [
                0.0,
                0.0
            ],
            "VVV": [
                0.05775358136816067,
                0.004860271789026841
            ],
            "Background": [
                4.857634039353272,
                0.6997389831819504
            ],
            "metric": [
                0.02444349126040772,
                null
            ]
        },
        "exactly2lepOSSF_exactly1fj_HFJtag_njt2_mjj600_onZ": {
            "Signal": [
                0.04370265944271523,
                0.0025388044520850386
            ],
            "QCD": [
                0.0,
                0.0
            ],
            "ttbar": [
                0.13318464532494545,
                0.07693402009786403
            ],
            "single-t": [
                0.15102100372314453,
                0.15102100372314453
            ],
            "ttX": [
                0.20855880854651332,
                0.05232681929506409
            ],