{
    "VBSWZH_c2v1p0_c3_1p0": {
        "all_events": [
            0.08602109449449444,
            null
        ],
        "2lOSSF_1fjx": [
            0.0007736974974974975,
            null
        ],
        "3l": [
            0.0730792454454454,
            null
        ]
    }
}