{
    "UL17_WWZJetsTo4L2Nu": {
        "all_events": [
            13.779460762439452,
            null
        ],
        "exactly1lep_exactly1fj": [
            0.10742026436829967,
            null
        ],
        "presel": [
            0.004241301827308434,
            null
        ],
        "preselHFJ": [
            0.001083910245963612,
            null
        ],
        "preselVFJ": [
            0.0007375263878379341,
            null
        ]
    }
}